metric,abs_pct_change,pct_change,direction,p_value,significant,r_squared,volatility,outlier_pct,composite_score,slope,num_periods
visits,10.376857749469213,-10.376857749469213,down,0.35844912762719494,False,0.08480143349314882,0.042177050917036385,0.5555555555555556,25.14885349639037,-2.399067599067601,12
avg_ticket,0.9962145845363396,0.9962145845363396,up,0.7507051522376033,False,0.010554019717045938,0.03011233331602221,1.6666666666666667,8.255078327694022,0.0423631481386656,12
sales,4.264612697464435,-4.264612697464435,down,0.817571260124523,False,0.005577457418950351,0.03736613097100603,1.1111111111111112,7.401367534740203,-18.71598135198135,12
conversion_rate,8.021154457276744,8.021154457276744,up,0.9888824483663992,False,2.040989539872719e-05,0.05377965271050568,1.1111111111111112,3.653507640937809,-2.9516041557318022e-05,12
items_per_visit,1.8659374477114081,1.8659374477114081,up,0.9798818911434657,False,6.684217131064885e-05,0.04512979227934746,1.6666666666666667,1.5179217548734723,-0.0004609711984974896,12
